Category,Keyword1,Keyword2,Keyword3,Keyword4,Keyword5,Keyword6,Keyword7,Keyword8,Keyword9,Keyword10,Keyword11,Keyword12,Keyword13,Keyword14,Keyword15,Keyword16,Keyword17,Keyword18,Keyword19,Keyword20,Keyword21,Keyword22,Keyword23,Keyword24,Keyword25,Keyword26,Keyword27,Keyword28,Keyword29,Keyword30,Keyword31,Keyword32,Keyword33,Keyword34,Keyword35,Keyword36,Keyword37,Keyword38,Keyword39,Keyword40,Keyword41,Keyword42,Keyword43,Keyword44,Keyword45,Keyword46,Keyword47,Keyword48,Keyword49,Keyword50,Keyword51,Keyword52,Keyword53,Keyword54,Keyword55,Keyword56,Keyword57,Keyword58,Keyword59,Keyword60,Keyword61,Keyword62,Keyword63,Keyword64,Keyword65,Keyword66,Keyword67,Keyword68,Keyword69,Keyword70,Keyword71,Keyword72,Keyword73,Keyword74,Keyword75,Keyword76,Keyword77,Keyword78,Keyword79,Keyword80,Keyword81,Keyword82,Keyword83,Keyword84,Keyword85,Keyword86,Keyword87,Keyword88,Keyword89,Keyword90,Keyword91,Keyword92,Keyword93,Keyword94,Keyword95,Keyword96,Keyword97,Keyword98,Keyword99,Keyword100,Keyword101,Keyword102,Keyword103,Keyword104,Keyword105,Keyword106,Keyword107,Keyword108,Keyword109,Keyword110
Education,Classroom, Curriculum, Assessment, Pedagogy, Learning, Teacher, Student, Technology, Literacy, Numeracy, Critical thinking, Research, Diversity, Inclusion, Collaboration,Alphabet,Arithmetic,Art,Attendance,Biology,Calculus,Chemistry,Civics,Colors,Communication,Community,Computers,Counting,Creative Writing,Critical Thinking,Culture,Current Events,Debate,Decimals,Diversity,Drama,Earth Science,Ecology,Economics,Education,English,Environment,Ethics,Geography,Geometry,Grammar,Graphs,Health,History,Holidays,Information Literacy,Inquiry,Language Arts,Life Science,Literature,Maps,Mathematics,Measurement,Music,Nature,Numbers,Operations,Patterns,Physics,Plants,Poetry,Problem Solving,Reading,Research,Science,Self-Reflection,Social Studies,Sociology,Space,Speech,Spelling,Statistics,Technology,Time,Values,Vocabulary,Writing,Zoology,Citizenship,Empathy,Energy,Experimentation,Financial Literacy,Foreign Languages,Friendship,Global Awareness,Government,Human Rights,Journalism,Leadership,Learning Strategies,Media Literacy,Mindfulness,Nutrition,Personal Development,Physical Education,Problem-Based Learning,Psychology,Zoos,Relationships,Responsibility,Study Skills,Teamwork,Test-Taking Strategies,Rhyming
Entertainment,Movie, Music, Gaming, Television, Comedy, Drama, Performance, Celebrity, Art, Dance, Concert, Festival, Animation, Sports, Entertainment industry,Actor,Actress,Album,Art,Artist,Audience,Award,Band,Box Office,Broadway,Camera,Celebrity,Character,Cinema,Comedy,Concert,Costume,Dance,Director,Drama,Entertainment,Event,Fame,Film,Fun,Game,Guitar,Hollywood,Improvisation,Instrument,episode,Play,Popcorn,Production,Recording,Role,Romance,Screenplay,Script,Singer,Sitcom,Song,Soundtrack,Stage,Star,Story,Studio,Talent,Theater,Theme,Thriller,Ticket,Tour,Trailer,TV Show,Venue,Video,Voice,Writer,Sound Effect,Animation,Artistic,Autobiography,Ballet,Bandwidth,Biopic,Blockbuster,Cabaret,Casting,Celebrities,Circus,Lyrics,Movie,Comedy Show,Comics,Concert Hall,Music,Novel,Musician,Dance Floor,Documentary,Toys,Dubbing,Entertainment News,Erotic,Fantasy,Fiction,Film Festival,Filmmaker,Gaming,Cartoon,Hip Hop,Horror,Sci-fi,Script Writing
Sports,Athlete, Coaching, Exercise, Fitness, Game, Goal, Gym, Health, Nutrition, Performance, Sportsmanship, Strength, Training, Teamwork, Competition,Soccer,Football,Tennis,Basketball,Running,Swimming,Volleyball,Golf,Gymnastics,Boxing,Baseball,Hockey,Cricket,Cycling,Yoga,Skiing,Snowboarding,Surfing,Rowing,Track and Field,Training,Conditioning,Warm-up,Defeat,Fairness,Score,Tournament,Respect,Olympics,Archery,Gymnastics,Bowling,Bat,Ball,Fielders,Player,Boxing Gloves,Hockey Stick,Tennis Racket,Golf Clubs,Running Shoes,Swimming Goggles,Fight,Honor,IPL,FIFA,NBA,BCCI,Discipline,Resistance,Balance,Power,Quickness,Coordination,Muscle,Jogging,Long Jump,Table Tennis,Softball,Snowboarding,Ice Skating,Trampoline,Fencing,Ice Hockey,Kill,Polo,Run,Marathon,Foul,Wickets,Stumps,Ground,Stadium,Goalpost,Court,Challenge,Chess,Best Player,Highlights,Moments,Tricks,Referee,Team,Fair play,Strategy,Improvement,Victory,Fan,Tie,Comeback,Net,Spectator,Point,League,Money
Music,Music theory, Composition, Performance, Instrument, Genre, Harmony, Rhythm, Melody, Tempo, Dynamics, Pitch, Timbre, Notation, Improvisation, Music history,Song,Arrangement,Music,Sound,Vocals,Production,Mixing,Soundtrack,Instrumentation,Recording,Vocals,Beatmaking,Sampling,Old songs,Sound design,bollywood,hollywood,Remixing,DJing,Scratching,Looping,Chord progressions,Bassline,Synthesizer,Love,Heartbreak,Romance,Life,Dreams,Memories,Hope,Friendship,Freedom,Happiness,Sadness,Loneliness,Inspiration,Courage,Belief,Passion,Faith,Strength,Joy,Pain,Chorus,Comping,Cover,Duet,Fills,Harmony vocals,Hook,Intros,Modulation,Outro,Solo,instruments,guitar,Strings instruments,violin,cello,harp,bass,Wind instruments,flute,clarinet,saxophone,trumpet,trombone,drums,tambourine,maracas,xylophone,piano,organ,synthesizer,electric guitar,drum,Tune,Sound,Composition,Score,Piece,Beat,Performance,Symphony,Chorus,Orchestra,Soundtrack,Record,Album,Jam,Track,vibe,pop,emotions
Business,Marketing, Entrepreneurship, Finance, Sales, Management, Strategy, Leadership, Innovation, Operations, Accounting, Human resources, E-commerce, Customer service, Supply chain, Productivity,Profit,Money,Loss,Income,Startups,Networking,Outsourcing,Manufacturing,Logistics,Distribution,Procurement,Risk management,Investments,Partnerships,Intellectual property,Business models,Research,development,Legal compliance,Customer retention,Employee satisfaction,Quality control,Market analysis,Asset management,Project management,Entrepreneurial mindset,Business ethics,Sustainability,Competitive analysis,Globalization,Innovation,Branding,Cybersecurity,Intellectual capital,Corporate,Taxation,Capital,investment,intelligence,Performance,labor,Industry trends,net profit,profit,loss,Business valuation,Cash flow,Business incubation,Competitive advantage,Economic development,Employee development,Strategic partnerships,Market positioning,Business expansion,Import/export,Franchising,Joint venture,Venture capital,Angel investing,Crowdfunding,Merger and acquisition,Business succession,Performance metrics,Data analytics,Sales ,Stakeholder,Product,Brand,Marketing,Business planning,Competitive intelligence,Corporate finance,Debt,strategies,Insurance,Digital marketing,Change,outsourcing,raw materials,business ideas,Trade,Negotitation,Deals,mindset,warehouses,shops,wholesale,Team,Leaders,communication,Retail,Vendors,self employed,Online business,Networking
Health and wellness,Exercise, Nutrition, Meditation, Sleep, Stress management, Mental health, Self-care, Yoga, Fitness, Wellness coaching, Mindfulness, Healthy lifestyle, Disease prevention, Alternative medicine, Holistic health,Yoga mat,Muscle,Cycling,Abs,diet,Medical,checkups,Hydration,Posture,eating,habits,Mental,wellness,Time,management,Occupational,Environmental health,Personal hygiene,protection,"Oral health",Immune system health,Hygiene etiquette,"First aid",Vision,eye care,Aging,care,health care,Vaccinations,Allergies,Skin care,Weight management,Reproduction,Bone health,Cardiovascular health,Respiratory health,Digestive health,Endocrine health,Cancer prevention,Infection control,Chronic illness management,Sleep disorders,Addiction recovery,Injury prevention,Physical therapy,Speech therapy,Pain ,Acupuncture,Massage therapy,Reflexology,Traditional Chinese medicine,Ayurveda,Naturopathy,Homeopathy,Herbal medicine,Aromatherapy,Energy healing,Reiki,Crystal healing,Sound therapy,Art therapy,Music therapy,Wilderness,emotions,depression,anxiety,Gratitude,Self-reflection,Journaling,Creative expression,Personal growth,Mindset shift,Positive affirmations,Mind-body connection,Emotional intelligence,Spirituality,Cultural awareness,Diversity and inclusion,Resilience building,Conflict resolution,Sleep hygiene,Stress reduction ,Decluttering,Minimalism,Digital detox,Work-life balance,personal development,Gut health,Detoxification,Food sustainability,Meal planning,Hydration,Vitamins and supplements,Digestive enzyme support,Mindful eating
Science and technology,Scientific method, Research, Experiment, Data analysis, Technology, Engineering, Innovation, Robotics, Artificial intelligence, Computer science, Biotechnology, Quantum mechanics, Physics, Chemistry, Biology,Algorithms,Programming,Information technology,Computer programming,Software development,Web development,Human-computer interaction,Nanotechnology,software,problem,Cryptography,"Psychology research",Data science,User experience design,Mobile app development,Computer vision,Biomedical engineering,Genetic engineering,Biometrics,3D printing,Renewable energy,Energy storage,Green technology,Carbon capture,Smart home technology,Internet of Things (IoT),Cloud computing,Big data,Machine learning,Natural language processing,Cyber-physical systems,Robotics process automation,Optics and photonics,Chemical engineering,Geology,Geophysics,Oceanography,Meteorology,Climatology,Environmental science,Earth science,Ecology,Zoology,Agricultural science,Food science,Forensic science,"Materials engineering",Civil engineering,Mechanical engineering,Aerospace engineering,Electrical engineering,Telecommunications,Industrial engineering,Digital forensics,Privacy protection,Blockchain technology,Cryptocurrency,Smart contracts,Decentralized applications (dApps),Cloud security,Virtual private networks (VPNs),Internet security,Firewalls,Malware detection and prevention,Penetration testing,Software security,Mobile device security,Web security,Network security,Internet governance,Digital accessibility,User-centered design,Usability testing,User research,Interaction design,Design thinking,Agile software development,DevOps,Continuous integration and continuous deployment (CI/CD),Performance testing,cloud services,Cloud infrastructure,Cloud computing services,Serverless computing,Data center management,High-performance computing,Distributed systems,Scalable systems,Internet infrastructure,Pharmacology,Biogeography,Histology,Toxicology,Genomics,Anatomy
Politics and government,Democracy, Legislation, Diplomacy, Campaign, Election, Constitution, Governance, Policy, Sovereignty, Power, Authority, Bureaucracy, Political party, Lobbying, Civil rights,Court,International relations,Geopolitics,maniuplation,National security,Public administration,Public policy analysis,Public opinion research,Political science research,Public finance,Fiscal policy,Monetary policy,Tax policy,Government budgeting,Central banking,Public-private partnerships,Homeland security,Emergency management,Disaster response planning,Intelligence analysis,Public health policy,Environmental policy,Immigration policy,Education policy,Social policy,Housing policy,Urban planning,Transportation policy,Energy policy,Agricultural policy,Trade policy,Labor policy,Welfare policy,Human rights law,Constitutional law,Administrative law,Corrections policy,Law enforcement,Criminal justice policy,Regulatory policy,Government accountability,Public sector ethics,Political leadership,Political participation,Grassroots organizing,"Political mobilization",Public relations,Media relations,Political communication,Campaign finance,Voter suppression,Electoral systems,Public opinion polling,Opinion journalism,Freedom of information,Whistleblowing,Civil society,Nonprofit organizations,Advocacy,Lobbying disclosure,Public procurement,Digital government,Civil-military relations,Diplomatic history,Political psychology,Comparative politics,International political economy,Conflict resolution,Peacekeeping,Humanitarian intervention,Foreign policy analysis,Intelligence oversight,Cybersecurity policy,Internet governance,Digital rights,Open government,Political satire,Political art,Public art,Cultural policy,Political philosophy,Political theology,Nationalism,Patriotism,Anarchism,Marxism,Environmentalism,Feminism,Postcolonialism,Queer theory,Environmentalism,Social justice,Anti-racism,Neoconservatism,Libertarianism
Travel and tourism,Destination,Accommodation,Attractions,Hospitality,Tourguide,Transportation,Adventure,Culture,Cuisine,Entertainment,Ecotourism,Tourism industry,Vacation,Leisure,Staycation,Airfare,Airport,Amusement,park,Backpacking,Beach,Bus tour,Camping,Car rental,Cruise,Cultural,Currency,Desert,Expedition,Family,Guesthouse,Hiking,Heritage,Hostel,Hotel,Island,Jet lag,Landmarks,Language,Luggage,Maps,Mountain,Museums,National park,Nature,Nightlife,Ocean,Package,Palace,Passport,Resort,Road trip,Safari,Scenic,Snorkeling,Sightseeing,Theme park,Tourist,Train,Travel,Trekking,Visa,Water sports,Wildlife,Travel Blog,Travelling,Journey,World tour,Window shopping,Casinos,Castle,Farm stay,Flights,Jet ski,Kayaking,Lakes,Lighthouse,Monuments,Backwaters,Taj mahal,Tourism,Beautiful,Budget,Park,Photography,Picnic,Pilgrimage,Surfing,Temples,Vineyards,Volcano,Waterfall,Concert,Business tour,Skydiving,Garden,Camp,Tent,Sandboarding,Scuba diving,Stargazing,Boat,Forests,Boarding,Immigration,Foreign,Europe,Switzerland,Sports,Family tour
Food and drink,Cuisine,Recipe,Ingredients,Flavor,Beverage,Cooking,Nutrition,Meal,Dessert,Appetizer,Restaurant,Wine,Coffee,Tea,Brewing,Spice,Vegeterian,Vegan,Food critic,Food blogger,Cafe,Bar,Juices,Fruits,Lunch,Dinner,Brunch,Proteins,Fats,Carbs,Tasty,Taste,Baking,Grilling,Roasting,Boiling,Steaming,Chef,Menu,Dining,Takeout,Delivery,Reservation,Table,Plate,Fork,Knife,Spoon,Glass,Cup,Bottle,Organic,Local,Seasonal,Sustainable,Gluten-Free,Food Truck,Street food,Digesting,Appetite,Craving,Hunger,Breakfast,Terrace Dining,Eating,Drinking,Food,Fast foods,Junk food,Processed food,Hot,Sweet,Sour,Salad,Soup,Egg,Ice cream,Sauces,Cake,Pastry,Vegetables,Mangoes,Blogging,Expensive food,Cold drinks,Cheese,Butter,Grocery store,Supermarket,Chopping,Mocktails,Cocktails,Food allergy,Waiter,Dining table,Chinese,Italian,Punjabi,Thali,Espresso,Cappuccino,Ambiance,Skydining,Party,Jain,Milk,Hotel,Shots,Crockery,Discounts
Fashion and beauty,Style, Trend, Manicure, Pedicure, Fashion show, Beauty routine, Hairstyle, Color, Design, Fabric,Clothing,Skincare,Shoes,Makeup,Accessories,Fragrance,Jewelry,Haircare,Handbags,Nail polish,Dresses,Cleanser,Sneakers,Lipstick,Sunglasses,Perfume,Earrings,Shampoo,Clutches,Nail art,Bride,Bridal lehenga,Necklaces,Outfit,Watches,Clothes,Blazer,Loafers,Deodorant,Anklets,Heels,Wallets,Curly hair,Heat protection,Organic,AJIO,Sugar,Brands,Flip flops,Glossy,Herbal,Handmade,Straight hair,Boy cut,Shorts,Pants,Sale,Sandals,Foundation,Belts,Body wash,Bracelets,Jackets,Sunscreen,Eyeliner,Amazon Fashion,Fashion icons,Models,Transformation,Budget-friendly,Textiles,Fabrication,Sewing,Tailoring,Casual wear,Formal wear,Haircut,Anti-aging skincare,Acne skincare,Dark circles,Dry skin,Face masks,Clay,trimmer,Shoulder bags,Retro,Vintage,Hats,Backpack,Daily routine,Tops,Shirts,Jeans,Hair gel,Fashion week,Gold,tattoo,shopping,photoshoot,tees,customized,Rings,Beauty products,Body spray,Body lotion,Oily skin,Bald,Sensitive skin,Sun protection,Daily wear